{"cameraMode":{"drawMode":0,"name":"Shaded","section":"Shading Mode"},"sceneLighting":true,"audioPlay":false,"sceneViewState":{"showFog":true,"showMaterialUpdate":false,"showSkybox":true,"showFlares":true,"showImageEffects":true,"showParticleSystems":true,"showVisualEffectGraphs":true,"m_FxEnabled":true},"in2DMode":false,"pivot":{"x":-0.07882104814052582,"y":11.677815437316895,"z":8.013931274414063},"rotation":{"x":0.32689523696899416,"y":-0.0005589191569015384,"z":-0.00019558401254471391,"w":-0.9451086521148682},"size":11.721223831176758,"orthographic":false}