{"cameraMode":{"drawMode":0,"name":"Shaded","section":"Shading Mode"},"sceneLighting":true,"audioPlay":false,"sceneViewState":{"showFog":true,"showMaterialUpdate":false,"showSkybox":true,"showFlares":true,"showImageEffects":true,"showParticleSystems":true,"showVisualEffectGraphs":true,"m_FxEnabled":true},"in2DMode":false,"pivot":{"x":-1.5059751272201539,"y":5.4210920333862309,"z":6.533361911773682},"rotation":{"x":0.05546426773071289,"y":0.01887955144047737,"z":0.0010259513510391117,"w":-0.9983117580413818},"size":4.406078815460205,"orthographic":false}