{"cameraMode":{"drawMode":0,"name":"Shaded","section":"Shading Mode"},"sceneLighting":true,"audioPlay":false,"sceneViewState":{"showFog":true,"showMaterialUpdate":false,"showSkybox":true,"showFlares":true,"showImageEffects":true,"showParticleSystems":true,"showVisualEffectGraphs":true,"m_FxEnabled":true},"in2DMode":false,"pivot":{"x":1.691953420639038,"y":0.5701181888580322,"z":-0.18486976623535157},"rotation":{"x":-0.48803916573524477,"y":-0.06716351956129074,"z":0.037692680954933169,"w":-0.8694337010383606},"size":9.747176170349121,"orthographic":false}